{
"lengthUnit": "mil",
"remark": [],
"components": {
	"fields": ["COMPONENT_NO", "COMPONENT_NAME", "LAYER", "X_COORDINATE", "Y_COORDINATE", "ANGLE"],
	"rows": [
		[1, "CN1", "T", 5680, 2620, 90],
		[2, "H1", "T", 2810, 3350, 270],
		[3, "H2", "T", 3625, 3350, 270],
		[4, "H5", "T", 5650, 3360, 270],
		[5, "H6", "T", 6465, 3365, 270],
		[6, "H7", "T", 4630, 4800, 180],
		[7, "H8", "T", 4630, 3970, 0],
		[8, "H9", "T", 3720, 4390, 90],
		[9, "SCREW1", "T", 3510, 3945, 0],
		[10, "SCREW1", "T", 5745.9034, 3945, 0],
		[11, "SCREW2", "T", 3510, 4170, 0],
		[12, "SCREW2", "T", 5745.9034, 4170, 0],
		[13, "SCREW3", "T", 5322.95, 3655, 0],
		[14, "SCREW4", "T", 3945, 3655, 0],
		[15, "SCREW5", "T", 3945, 2277.05, 0],
		[16, "SCREW6", "T", 5322.95, 2277.05, 0],
		[17, "SCREW7", "T", 3400, 2130, 0],
		[18, "SCREW8", "T", 3400, 1415, 0],
		[19, "SCREW9", "T", 5880, 2130, 0],
		[20, "SCREW10", "T", 5885, 1420, 0],
		[21, "SW1", "T", 7210, 2980, 0],
		[22, "SW2", "T", 6905, 3305, 0],
		[23, "U2", "T", 4630, 4385, 0],
		[24, "PAD1", "T", 5680, 2521.575, 0],
		[25, "PAD1", "B", 5680, 2521.575, 0],
		[26, "PAD2", "T", 5680, 2718.425, 0],
		[27, "PAD2", "B", 5680, 2718.425, 0],
		[28, "PAD3", "T", 2810, 3700, 0],
		[29, "PAD3", "B", 2810, 3700, 0],
		[30, "PAD4", "T", 2810, 3600, 0],
		[31, "PAD4", "B", 2810, 3600, 0],
		[32, "PAD5", "T", 2810, 3500, 0],
		[33, "PAD5", "B", 2810, 3500, 0],
		[34, "PAD6", "T", 2810, 3400, 0],
		[35, "PAD6", "B", 2810, 3400, 0],
		[36, "PAD7", "T", 2810, 3300, 0],
		[37, "PAD7", "B", 2810, 3300, 0],
		[38, "PAD8", "T", 2810, 3200, 0],
		[39, "PAD8", "B", 2810, 3200, 0],
		[40, "PAD9", "T", 2810, 3100, 0],
		[41, "PAD9", "B", 2810, 3100, 0],
		[42, "PAD10", "T", 2810, 3000, 0],
		[43, "PAD10", "B", 2810, 3000, 0],
		[44, "PAD11", "T", 3625, 3700, 0],
		[45, "PAD11", "B", 3625, 3700, 0],
		[46, "PAD12", "T", 3625, 3600, 0],
		[47, "PAD12", "B", 3625, 3600, 0],
		[48, "PAD13", "T", 3625, 3500, 0],
		[49, "PAD13", "B", 3625, 3500, 0],
		[50, "PAD14", "T", 3625, 3400, 0],
		[51, "PAD14", "B", 3625, 3400, 0],
		[52, "PAD15", "T", 3625, 3300, 0],
		[53, "PAD15", "B", 3625, 3300, 0],
		[54, "PAD16", "T", 3625, 3200, 0],
		[55, "PAD16", "B", 3625, 3200, 0],
		[56, "PAD17", "T", 3625, 3100, 0],
		[57, "PAD17", "B", 3625, 3100, 0],
		[58, "PAD18", "T", 3625, 3000, 0],
		[59, "PAD18", "B", 3625, 3000, 0],
		[60, "PAD19", "T", 5650, 3710, 0],
		[61, "PAD19", "B", 5650, 3710, 0],
		[62, "PAD20", "T", 5650, 3610, 0],
		[63, "PAD20", "B", 5650, 3610, 0],
		[64, "PAD21", "T", 5650, 3510, 0],
		[65, "PAD21", "B", 5650, 3510, 0],
		[66, "PAD22", "T", 5650, 3410, 0],
		[67, "PAD22", "B", 5650, 3410, 0],
		[68, "PAD23", "T", 5650, 3310, 0],
		[69, "PAD23", "B", 5650, 3310, 0],
		[70, "PAD24", "T", 5650, 3210, 0],
		[71, "PAD24", "B", 5650, 3210, 0],
		[72, "PAD25", "T", 5650, 3110, 0],
		[73, "PAD25", "B", 5650, 3110, 0],
		[74, "PAD26", "T", 5650, 3010, 0],
		[75, "PAD26", "B", 5650, 3010, 0],
		[76, "PAD27", "T", 6465, 3715, 0],
		[77, "PAD27", "B", 6465, 3715, 0],
		[78, "PAD28", "T", 6465, 3615, 0],
		[79, "PAD28", "B", 6465, 3615, 0],
		[80, "PAD29", "T", 6465, 3515, 0],
		[81, "PAD29", "B", 6465, 3515, 0],
		[82, "PAD30", "T", 6465, 3415, 0],
		[83, "PAD30", "B", 6465, 3415, 0],
		[84, "PAD31", "T", 6465, 3315, 0],
		[85, "PAD31", "B", 6465, 3315, 0],
		[86, "PAD32", "T", 6465, 3215, 0],
		[87, "PAD32", "B", 6465, 3215, 0],
		[88, "PAD33", "T", 6465, 3115, 0],
		[89, "PAD33", "B", 6465, 3115, 0],
		[90, "PAD34", "T", 6465, 3015, 0],
		[91, "PAD34", "B", 6465, 3015, 0],
		[92, "PAD35", "T", 5330, 4800, 0],
		[93, "PAD35", "B", 5330, 4800, 0],
		[94, "PAD36", "T", 5230, 4800, 0],
		[95, "PAD36", "B", 5230, 4800, 0],
		[96, "PAD37", "T", 5130, 4800, 0],
		[97, "PAD37", "B", 5130, 4800, 0],
		[98, "PAD38", "T", 5030, 4800, 0],
		[99, "PAD38", "B", 5030, 4800, 0],
		[100, "PAD39", "T", 4930, 4800, 0],
		[101, "PAD39", "B", 4930, 4800, 0],
		[102, "PAD40", "T", 4830, 4800, 0],
		[103, "PAD40", "B", 4830, 4800, 0],
		[104, "PAD41", "T", 4730, 4800, 0],
		[105, "PAD41", "B", 4730, 4800, 0],
		[106, "PAD42", "T", 4630, 4800, 0],
		[107, "PAD42", "B", 4630, 4800, 0],
		[108, "PAD43", "T", 4530, 4800, 0],
		[109, "PAD43", "B", 4530, 4800, 0],
		[110, "PAD44", "T", 4430, 4800, 0],
		[111, "PAD44", "B", 4430, 4800, 0],
		[112, "PAD45", "T", 4330, 4800, 0],
		[113, "PAD45", "B", 4330, 4800, 0],
		[114, "PAD46", "T", 4230, 4800, 0],
		[115, "PAD46", "B", 4230, 4800, 0],
		[116, "PAD47", "T", 4130, 4800, 0],
		[117, "PAD47", "B", 4130, 4800, 0],
		[118, "PAD48", "T", 4030, 4800, 0],
		[119, "PAD48", "B", 4030, 4800, 0],
		[120, "PAD49", "T", 3930, 4800, 0],
		[121, "PAD49", "B", 3930, 4800, 0],
		[122, "PAD50", "T", 3930, 3970, 0],
		[123, "PAD50", "B", 3930, 3970, 0],
		[124, "PAD51", "T", 4030, 3970, 0],
		[125, "PAD51", "B", 4030, 3970, 0],
		[126, "PAD52", "T", 4130, 3970, 0],
		[127, "PAD52", "B", 4130, 3970, 0],
		[128, "PAD53", "T", 4230, 3970, 0],
		[129, "PAD53", "B", 4230, 3970, 0],
		[130, "PAD54", "T", 4330, 3970, 0],
		[131, "PAD54", "B", 4330, 3970, 0],
		[132, "PAD55", "T", 4430, 3970, 0],
		[133, "PAD55", "B", 4430, 3970, 0],
		[134, "PAD56", "T", 4530, 3970, 0],
		[135, "PAD56", "B", 4530, 3970, 0],
		[136, "PAD57", "T", 4630, 3970, 0],
		[137, "PAD57", "B", 4630, 3970, 0],
		[138, "PAD58", "T", 4730, 3970, 0],
		[139, "PAD58", "B", 4730, 3970, 0],
		[140, "PAD59", "T", 4830, 3970, 0],
		[141, "PAD59", "B", 4830, 3970, 0],
		[142, "PAD60", "T", 4930, 3970, 0],
		[143, "PAD60", "B", 4930, 3970, 0],
		[144, "PAD61", "T", 5030, 3970, 0],
		[145, "PAD61", "B", 5030, 3970, 0],
		[146, "PAD62", "T", 5130, 3970, 0],
		[147, "PAD62", "B", 5130, 3970, 0],
		[148, "PAD63", "T", 5230, 3970, 0],
		[149, "PAD63", "B", 5230, 3970, 0],
		[150, "PAD64", "T", 5330, 3970, 0],
		[151, "PAD64", "B", 5330, 3970, 0],
		[152, "PAD65", "T", 3720, 4590, 0],
		[153, "PAD65", "B", 3720, 4590, 0],
		[154, "PAD66", "T", 3720, 4490, 0],
		[155, "PAD66", "B", 3720, 4490, 0],
		[156, "PAD67", "T", 3720, 4390, 0],
		[157, "PAD67", "B", 3720, 4390, 0],
		[158, "PAD68", "T", 3720, 4290, 0],
		[159, "PAD68", "B", 3720, 4290, 0],
		[160, "PAD69", "T", 3720, 4190, 0],
		[161, "PAD69", "B", 3720, 4190, 0],
		[162, "PAD70", "T", 3930.001, 4085.001, 0],
		[163, "PAD70", "B", 3930.001, 4085.001, 0],
		[164, "PAD71", "T", 4030.001, 4085.001, 0],
		[165, "PAD71", "B", 4030.001, 4085.001, 0],
		[166, "PAD72", "T", 4130.001, 4085.001, 0],
		[167, "PAD72", "B", 4130.001, 4085.001, 0],
		[168, "PAD73", "T", 4230.001, 4085.001, 0],
		[169, "PAD73", "B", 4230.001, 4085.001, 0],
		[170, "PAD74", "T", 4330.001, 4085.001, 0],
		[171, "PAD74", "B", 4330.001, 4085.001, 0],
		[172, "PAD75", "T", 4430, 4085.001, 0],
		[173, "PAD75", "B", 4430, 4085.001, 0],
		[174, "PAD76", "T", 4530, 4085.001, 0],
		[175, "PAD76", "B", 4530, 4085.001, 0],
		[176, "PAD77", "T", 4630, 4085.001, 0],
		[177, "PAD77", "B", 4630, 4085.001, 0],
		[178, "PAD78", "T", 4730, 4085.001, 0],
		[179, "PAD78", "B", 4730, 4085.001, 0],
		[180, "PAD79", "T", 4830, 4085.001, 0],
		[181, "PAD79", "B", 4830, 4085.001, 0],
		[182, "PAD80", "T", 4929.999, 4085.001, 0],
		[183, "PAD80", "B", 4929.999, 4085.001, 0],
		[184, "PAD81", "T", 5029.999, 4085.001, 0],
		[185, "PAD81", "B", 5029.999, 4085.001, 0],
		[186, "PAD82", "T", 5129.999, 4085.001, 0],
		[187, "PAD82", "B", 5129.999, 4085.001, 0],
		[188, "PAD83", "T", 5229.999, 4085.001, 0],
		[189, "PAD83", "B", 5229.999, 4085.001, 0],
		[190, "PAD84", "T", 5329.999, 4085.001, 0],
		[191, "PAD84", "B", 5329.999, 4085.001, 0],
		[192, "PAD85", "T", 5329.999, 4684.999, 0],
		[193, "PAD85", "B", 5329.999, 4684.999, 0],
		[194, "PAD86", "T", 5229.999, 4684.999, 0],
		[195, "PAD86", "B", 5229.999, 4684.999, 0],
		[196, "PAD87", "T", 5129.999, 4684.999, 0],
		[197, "PAD87", "B", 5129.999, 4684.999, 0],
		[198, "PAD88", "T", 5029.999, 4684.999, 0],
		[199, "PAD88", "B", 5029.999, 4684.999, 0],
		[200, "PAD89", "T", 4929.999, 4684.999, 0],
		[201, "PAD89", "B", 4929.999, 4684.999, 0],
		[202, "PAD90", "T", 4830, 4684.999, 0],
		[203, "PAD90", "B", 4830, 4684.999, 0],
		[204, "PAD91", "T", 4730, 4684.999, 0],
		[205, "PAD91", "B", 4730, 4684.999, 0],
		[206, "PAD92", "T", 4630, 4684.999, 0],
		[207, "PAD92", "B", 4630, 4684.999, 0],
		[208, "PAD93", "T", 4530, 4684.999, 0],
		[209, "PAD93", "B", 4530, 4684.999, 0],
		[210, "PAD94", "T", 4430, 4684.999, 0],
		[211, "PAD94", "B", 4430, 4684.999, 0],
		[212, "PAD95", "T", 4330.001, 4684.999, 0],
		[213, "PAD95", "B", 4330.001, 4684.999, 0],
		[214, "PAD96", "T", 4230.001, 4684.999, 0],
		[215, "PAD96", "B", 4230.001, 4684.999, 0],
		[216, "PAD97", "T", 4130.001, 4684.999, 0],
		[217, "PAD97", "B", 4130.001, 4684.999, 0],
		[218, "PAD98", "T", 4030.001, 4684.999, 0],
		[219, "PAD98", "B", 4030.001, 4684.999, 0],
		[220, "PAD99", "T", 3930.001, 4684.999, 0],
		[221, "PAD99", "B", 3930.001, 4684.999, 0],
		[222, "PAD100", "T", 3075, 2890, 0],
		[223, "PAD100", "B", 3075, 2890, 0],
		[224, "PAD101", "T", 3345, 2890, 0],
		[225, "PAD101", "B", 3345, 2890, 0],
		[226, "PAD102", "T", 6200, 2900, 0],
		[227, "PAD102", "B", 6200, 2900, 0],
		[228, "PAD103", "T", 5910, 2900, 0],
		[229, "PAD103", "B", 5910, 2900, 0],
		[230, "PAD104", "T", 7044.65, 3068.58, 0],
		[231, "PAD105", "T", 7375.35, 2891.42, 0],
		[232, "PAD106", "T", 6739.65, 3393.58, 0],
		[233, "PAD107", "T", 7070.35, 3216.42, 0]
	]
},
"pins": {
	"fields": ["PIN_NO", "PIN_NAME", "PIN_X", "PIN_Y", "LAYER", "PIN_TYPE", "NET_NAME", "NET_TYPE", "PAD_SHAPE", "PAD_SIZEX", "PAD_SIZEY", "HOLE_SIZE", "HOLE_LEN", "PAD_ANGLE"],
	"rows": [
		[1, "CN1_1", 5680, 2521.575, "T", "DIP", "VCC", "", "C", 149.606, 149.606, 100, 100, 90],
		[2, "CN1_1", 5680, 2521.575, "B", "DIP", "VCC", "", "C", 149.606, 149.606, 100, 100, 90],
		[3, "CN1_2", 5680, 2718.425, "T", "DIP", "GND", "GND", "C", 149.606, 149.606, 100, 100, 90],
		[4, "CN1_2", 5680, 2718.425, "B", "DIP", "GND", "GND", "C", 149.606, 149.606, 100, 100, 90],
		[5, "H1_1", 2810, 3700, "T", "DIP", "VCC", "", "R", 70.866, 70.866, 47.244, 47.244, 270],
		[6, "H1_1", 2810, 3700, "B", "DIP", "VCC", "", "R", 70.866, 70.866, 47.244, 47.244, 270],
		[7, "H1_2", 2810, 3600, "T", "DIP", "+5V", "", "C", 70.866, 70.866, 47.244, 47.244, 270],
		[8, "H1_2", 2810, 3600, "B", "DIP", "+5V", "", "C", 70.866, 70.866, 47.244, 47.244, 270],
		[9, "H1_3", 2810, 3500, "T", "DIP", "GND", "GND", "C", 70.866, 70.866, 47.244, 47.244, 270],
		[10, "H1_3", 2810, 3500, "B", "DIP", "GND", "GND", "C", 70.866, 70.866, 47.244, 47.244, 270],
		[11, "H1_4", 2810, 3400, "T", "DIP", "OUTA1", "", "C", 70.866, 70.866, 47.244, 47.244, 270],
		[12, "H1_4", 2810, 3400, "B", "DIP", "OUTA1", "", "C", 70.866, 70.866, 47.244, 47.244, 270],
		[13, "H1_5", 2810, 3300, "T", "DIP", "OUTA2", "", "C", 70.866, 70.866, 47.244, 47.244, 270],
		[14, "H1_5", 2810, 3300, "B", "DIP", "OUTA2", "", "C", 70.866, 70.866, 47.244, 47.244, 270],
		[15, "H1_6", 2810, 3200, "T", "DIP", "OUTA2", "", "C", 70.866, 70.866, 47.244, 47.244, 270],
		[16, "H1_6", 2810, 3200, "B", "DIP", "OUTA2", "", "C", 70.866, 70.866, 47.244, 47.244, 270],
		[17, "H1_7", 2810, 3100, "T", "DIP", "OUTA1", "", "C", 70.866, 70.866, 47.244, 47.244, 270],
		[18, "H1_7", 2810, 3100, "B", "DIP", "OUTA1", "", "C", 70.866, 70.866, 47.244, 47.244, 270],
		[19, "H1_8", 2810, 3000, "T", "DIP", "GND", "GND", "C", 70.866, 70.866, 47.244, 47.244, 270],
		[20, "H1_8", 2810, 3000, "B", "DIP", "GND", "GND", "C", 70.866, 70.866, 47.244, 47.244, 270],
		[21, "H2_1", 3625, 3700, "T", "DIP", "PWMA", "", "R", 70.866, 70.866, 47.244, 47.244, 270],
		[22, "H2_1", 3625, 3700, "B", "DIP", "PWMA", "", "R", 70.866, 70.866, 47.244, 47.244, 270],
		[23, "H2_2", 3625, 3600, "T", "DIP", "AIN2", "", "C", 70.866, 70.866, 47.244, 47.244, 270],
		[24, "H2_2", 3625, 3600, "B", "DIP", "AIN2", "", "C", 70.866, 70.866, 47.244, 47.244, 270],
		[25, "H2_3", 3625, 3500, "T", "DIP", "AIN1", "", "C", 70.866, 70.866, 47.244, 47.244, 270],
		[26, "H2_3", 3625, 3500, "B", "DIP", "AIN1", "", "C", 70.866, 70.866, 47.244, 47.244, 270],
		[27, "H2_4", 3625, 3400, "T", "DIP", "STBY", "", "C", 70.866, 70.866, 47.244, 47.244, 270],
		[28, "H2_4", 3625, 3400, "B", "DIP", "STBY", "", "C", 70.866, 70.866, 47.244, 47.244, 270],
		[29, "H2_5", 3625, 3300, "T", "DIP", "AIN1", "", "C", 70.866, 70.866, 47.244, 47.244, 270],
		[30, "H2_5", 3625, 3300, "B", "DIP", "AIN1", "", "C", 70.866, 70.866, 47.244, 47.244, 270],
		[31, "H2_6", 3625, 3200, "T", "DIP", "AIN2", "", "C", 70.866, 70.866, 47.244, 47.244, 270],
		[32, "H2_6", 3625, 3200, "B", "DIP", "AIN2", "", "C", 70.866, 70.866, 47.244, 47.244, 270],
		[33, "H2_7", 3625, 3100, "T", "DIP", "PWMA", "", "C", 70.866, 70.866, 47.244, 47.244, 270],
		[34, "H2_7", 3625, 3100, "B", "DIP", "PWMA", "", "C", 70.866, 70.866, 47.244, 47.244, 270],
		[35, "H2_8", 3625, 3000, "T", "DIP", "GND", "GND", "C", 70.866, 70.866, 47.244, 47.244, 270],
		[36, "H2_8", 3625, 3000, "B", "DIP", "GND", "GND", "C", 70.866, 70.866, 47.244, 47.244, 270],
		[37, "H5_1", 5650, 3710, "T", "DIP", "VCC", "", "R", 70.866, 70.866, 47.244, 47.244, 270],
		[38, "H5_1", 5650, 3710, "B", "DIP", "VCC", "", "R", 70.866, 70.866, 47.244, 47.244, 270],
		[39, "H5_2", 5650, 3610, "T", "DIP", "+5V", "", "C", 70.866, 70.866, 47.244, 47.244, 270],
		[40, "H5_2", 5650, 3610, "B", "DIP", "+5V", "", "C", 70.866, 70.866, 47.244, 47.244, 270],
		[41, "H5_3", 5650, 3510, "T", "DIP", "GND", "GND", "C", 70.866, 70.866, 47.244, 47.244, 270],
		[42, "H5_3", 5650, 3510, "B", "DIP", "GND", "GND", "C", 70.866, 70.866, 47.244, 47.244, 270],
		[43, "H5_4", 5650, 3410, "T", "DIP", "OUTB1", "", "C", 70.866, 70.866, 47.244, 47.244, 270],
		[44, "H5_4", 5650, 3410, "B", "DIP", "OUTB1", "", "C", 70.866, 70.866, 47.244, 47.244, 270],
		[45, "H5_5", 5650, 3310, "T", "DIP", "OUTB2", "", "C", 70.866, 70.866, 47.244, 47.244, 270],
		[46, "H5_5", 5650, 3310, "B", "DIP", "OUTB2", "", "C", 70.866, 70.866, 47.244, 47.244, 270],
		[47, "H5_6", 5650, 3210, "T", "DIP", "OUTB2", "", "C", 70.866, 70.866, 47.244, 47.244, 270],
		[48, "H5_6", 5650, 3210, "B", "DIP", "OUTB2", "", "C", 70.866, 70.866, 47.244, 47.244, 270],
		[49, "H5_7", 5650, 3110, "T", "DIP", "OUTB1", "", "C", 70.866, 70.866, 47.244, 47.244, 270],
		[50, "H5_7", 5650, 3110, "B", "DIP", "OUTB1", "", "C", 70.866, 70.866, 47.244, 47.244, 270],
		[51, "H5_8", 5650, 3010, "T", "DIP", "GND", "GND", "C", 70.866, 70.866, 47.244, 47.244, 270],
		[52, "H5_8", 5650, 3010, "B", "DIP", "GND", "GND", "C", 70.866, 70.866, 47.244, 47.244, 270],
		[53, "H6_1", 6465, 3715, "T", "DIP", "PWMB", "", "R", 70.866, 70.866, 47.244, 47.244, 270],
		[54, "H6_1", 6465, 3715, "B", "DIP", "PWMB", "", "R", 70.866, 70.866, 47.244, 47.244, 270],
		[55, "H6_2", 6465, 3615, "T", "DIP", "BIN2", "", "C", 70.866, 70.866, 47.244, 47.244, 270],
		[56, "H6_2", 6465, 3615, "B", "DIP", "BIN2", "", "C", 70.866, 70.866, 47.244, 47.244, 270],
		[57, "H6_3", 6465, 3515, "T", "DIP", "BIN1", "", "C", 70.866, 70.866, 47.244, 47.244, 270],
		[58, "H6_3", 6465, 3515, "B", "DIP", "BIN1", "", "C", 70.866, 70.866, 47.244, 47.244, 270],
		[59, "H6_4", 6465, 3415, "T", "DIP", "STBY", "", "C", 70.866, 70.866, 47.244, 47.244, 270],
		[60, "H6_4", 6465, 3415, "B", "DIP", "STBY", "", "C", 70.866, 70.866, 47.244, 47.244, 270],
		[61, "H6_5", 6465, 3315, "T", "DIP", "BIN1", "", "C", 70.866, 70.866, 47.244, 47.244, 270],
		[62, "H6_5", 6465, 3315, "B", "DIP", "BIN1", "", "C", 70.866, 70.866, 47.244, 47.244, 270],
		[63, "H6_6", 6465, 3215, "T", "DIP", "BIN2", "", "C", 70.866, 70.866, 47.244, 47.244, 270],
		[64, "H6_6", 6465, 3215, "B", "DIP", "BIN2", "", "C", 70.866, 70.866, 47.244, 47.244, 270],
		[65, "H6_7", 6465, 3115, "T", "DIP", "PWMB", "", "C", 70.866, 70.866, 47.244, 47.244, 270],
		[66, "H6_7", 6465, 3115, "B", "DIP", "PWMB", "", "C", 70.866, 70.866, 47.244, 47.244, 270],
		[67, "H6_8", 6465, 3015, "T", "DIP", "GND", "GND", "C", 70.866, 70.866, 47.244, 47.244, 270],
		[68, "H6_8", 6465, 3015, "B", "DIP", "GND", "GND", "C", 70.866, 70.866, 47.244, 47.244, 270],
		[69, "H7_1", 5330, 4800, "T", "DIP", "$1N1901", "", "R", 62.992, 62.992, 41.338, 41.338, 180],
		[70, "H7_1", 5330, 4800, "B", "DIP", "$1N1901", "", "R", 62.992, 62.992, 41.338, 41.338, 180],
		[71, "H7_2", 5230, 4800, "T", "DIP", "$1N1906", "", "C", 62.992, 62.992, 41.338, 41.338, 180],
		[72, "H7_2", 5230, 4800, "B", "DIP", "$1N1906", "", "C", 62.992, 62.992, 41.338, 41.338, 180],
		[73, "H7_3", 5130, 4800, "T", "DIP", "$1N1911", "", "C", 62.992, 62.992, 41.338, 41.338, 180],
		[74, "H7_3", 5130, 4800, "B", "DIP", "$1N1911", "", "C", 62.992, 62.992, 41.338, 41.338, 180],
		[75, "H7_4", 5030, 4800, "T", "DIP", "$1N1916", "", "C", 62.992, 62.992, 41.338, 41.338, 180],
		[76, "H7_4", 5030, 4800, "B", "DIP", "$1N1916", "", "C", 62.992, 62.992, 41.338, 41.338, 180],
		[77, "H7_5", 4930, 4800, "T", "DIP", "$1N1921", "", "C", 62.992, 62.992, 41.338, 41.338, 180],
		[78, "H7_5", 4930, 4800, "B", "DIP", "$1N1921", "", "C", 62.992, 62.992, 41.338, 41.338, 180],
		[79, "H7_6", 4830, 4800, "T", "DIP", "$1N1926", "", "C", 62.992, 62.992, 41.338, 41.338, 180],
		[80, "H7_6", 4830, 4800, "B", "DIP", "$1N1926", "", "C", 62.992, 62.992, 41.338, 41.338, 180],
		[81, "H7_7", 4730, 4800, "T", "DIP", "$1N1931", "", "C", 62.992, 62.992, 41.338, 41.338, 180],
		[82, "H7_7", 4730, 4800, "B", "DIP", "$1N1931", "", "C", 62.992, 62.992, 41.338, 41.338, 180],
		[83, "H7_8", 4630, 4800, "T", "DIP", "$1N1936", "", "C", 62.992, 62.992, 41.338, 41.338, 180],
		[84, "H7_8", 4630, 4800, "B", "DIP", "$1N1936", "", "C", 62.992, 62.992, 41.338, 41.338, 180],
		[85, "H7_9", 4530, 4800, "T", "DIP", "$1N1941", "", "C", 62.992, 62.992, 41.338, 41.338, 180],
		[86, "H7_9", 4530, 4800, "B", "DIP", "$1N1941", "", "C", 62.992, 62.992, 41.338, 41.338, 180],
		[87, "H7_10", 4430, 4800, "T", "DIP", "$1N1946", "", "C", 62.992, 62.992, 41.338, 41.338, 180],
		[88, "H7_10", 4430, 4800, "B", "DIP", "$1N1946", "", "C", 62.992, 62.992, 41.338, 41.338, 180],
		[89, "H7_11", 4330, 4800, "T", "DIP", "$1N1951", "", "C", 62.992, 62.992, 41.338, 41.338, 180],
		[90, "H7_11", 4330, 4800, "B", "DIP", "$1N1951", "", "C", 62.992, 62.992, 41.338, 41.338, 180],
		[91, "H7_12", 4230, 4800, "T", "DIP", "$1N1956", "", "C", 62.992, 62.992, 41.338, 41.338, 180],
		[92, "H7_12", 4230, 4800, "B", "DIP", "$1N1956", "", "C", 62.992, 62.992, 41.338, 41.338, 180],
		[93, "H7_13", 4130, 4800, "T", "DIP", "$1N1961", "", "C", 62.992, 62.992, 41.338, 41.338, 180],
		[94, "H7_13", 4130, 4800, "B", "DIP", "$1N1961", "", "C", 62.992, 62.992, 41.338, 41.338, 180],
		[95, "H7_14", 4030, 4800, "T", "DIP", "$1N1966", "", "C", 62.992, 62.992, 41.338, 41.338, 180],
		[96, "H7_14", 4030, 4800, "B", "DIP", "$1N1966", "", "C", 62.992, 62.992, 41.338, 41.338, 180],
		[97, "H7_15", 3930, 4800, "T", "DIP", "VCC", "", "C", 62.992, 62.992, 41.338, 41.338, 180],
		[98, "H7_15", 3930, 4800, "B", "DIP", "VCC", "", "C", 62.992, 62.992, 41.338, 41.338, 180],
		[99, "H8_1", 3930, 3970, "T", "DIP", "NET1", "", "R", 62.992, 62.992, 41.338, 41.338, 0],
		[100, "H8_1", 3930, 3970, "B", "DIP", "NET1", "", "R", 62.992, 62.992, 41.338, 41.338, 0],
		[101, "H8_2", 4030, 3970, "T", "DIP", "$1N1891", "", "C", 62.992, 62.992, 41.338, 41.338, 0],
		[102, "H8_2", 4030, 3970, "B", "DIP", "$1N1891", "", "C", 62.992, 62.992, 41.338, 41.338, 0],
		[103, "H8_3", 4130, 3970, "T", "DIP", "$1N1886", "", "C", 62.992, 62.992, 41.338, 41.338, 0],
		[104, "H8_3", 4130, 3970, "B", "DIP", "$1N1886", "", "C", 62.992, 62.992, 41.338, 41.338, 0],
		[105, "H8_4", 4230, 3970, "T", "DIP", "$1N1881", "", "C", 62.992, 62.992, 41.338, 41.338, 0],
		[106, "H8_4", 4230, 3970, "B", "DIP", "$1N1881", "", "C", 62.992, 62.992, 41.338, 41.338, 0],
		[107, "H8_5", 4330, 3970, "T", "DIP", "$1N1876", "", "C", 62.992, 62.992, 41.338, 41.338, 0],
		[108, "H8_5", 4330, 3970, "B", "DIP", "$1N1876", "", "C", 62.992, 62.992, 41.338, 41.338, 0],
		[109, "H8_6", 4430, 3970, "T", "DIP", "AIN2", "", "C", 62.992, 62.992, 41.338, 41.338, 0],
		[110, "H8_6", 4430, 3970, "B", "DIP", "AIN2", "", "C", 62.992, 62.992, 41.338, 41.338, 0],
		[111, "H8_7", 4530, 3970, "T", "DIP", "AIN1", "", "C", 62.992, 62.992, 41.338, 41.338, 0],
		[112, "H8_7", 4530, 3970, "B", "DIP", "AIN1", "", "C", 62.992, 62.992, 41.338, 41.338, 0],
		[113, "H8_8", 4630, 3970, "T", "DIP", "STBY", "", "C", 62.992, 62.992, 41.338, 41.338, 0],
		[114, "H8_8", 4630, 3970, "B", "DIP", "STBY", "", "C", 62.992, 62.992, 41.338, 41.338, 0],
		[115, "H8_9", 4730, 3970, "T", "DIP", "BIN1", "", "C", 62.992, 62.992, 41.338, 41.338, 0],
		[116, "H8_9", 4730, 3970, "B", "DIP", "BIN1", "", "C", 62.992, 62.992, 41.338, 41.338, 0],
		[117, "H8_10", 4830, 3970, "T", "DIP", "BIN2", "", "C", 62.992, 62.992, 41.338, 41.338, 0],
		[118, "H8_10", 4830, 3970, "B", "DIP", "BIN2", "", "C", 62.992, 62.992, 41.338, 41.338, 0],
		[119, "H8_11", 4930, 3970, "T", "DIP", "SW2", "", "C", 62.992, 62.992, 41.338, 41.338, 0],
		[120, "H8_11", 4930, 3970, "B", "DIP", "SW2", "", "C", 62.992, 62.992, 41.338, 41.338, 0],
		[121, "H8_12", 5030, 3970, "T", "DIP", "PWMB", "", "C", 62.992, 62.992, 41.338, 41.338, 0],
		[122, "H8_12", 5030, 3970, "B", "DIP", "PWMB", "", "C", 62.992, 62.992, 41.338, 41.338, 0],
		[123, "H8_13", 5130, 3970, "T", "DIP", "PWMA", "", "C", 62.992, 62.992, 41.338, 41.338, 0],
		[124, "H8_13", 5130, 3970, "B", "DIP", "PWMA", "", "C", 62.992, 62.992, 41.338, 41.338, 0],
		[125, "H8_14", 5230, 3970, "T", "DIP", "EDF", "", "C", 62.992, 62.992, 41.338, 41.338, 0],
		[126, "H8_14", 5230, 3970, "B", "DIP", "EDF", "", "C", 62.992, 62.992, 41.338, 41.338, 0],
		[127, "H8_15", 5330, 3970, "T", "DIP", "SW1", "", "C", 62.992, 62.992, 41.338, 41.338, 0],
		[128, "H8_15", 5330, 3970, "B", "DIP", "SW1", "", "C", 62.992, 62.992, 41.338, 41.338, 0],
		[129, "H9_1", 3720, 4190, "T", "DIP", "GND", "GND", "R", 62, 62, 40.158, 40.158, 90],
		[130, "H9_1", 3720, 4190, "B", "DIP", "GND", "GND", "R", 62, 62, 40.158, 40.158, 90],
		[131, "H9_2", 3720, 4290, "T", "DIP", "+5V", "", "C", 62, 62, 40.158, 40.158, 90],
		[132, "H9_2", 3720, 4290, "B", "DIP", "+5V", "", "C", 62, 62, 40.158, 40.158, 90],
		[133, "H9_3", 3720, 4390, "T", "DIP", "EDF", "", "C", 62, 62, 40.158, 40.158, 90],
		[134, "H9_3", 3720, 4390, "B", "DIP", "EDF", "", "C", 62, 62, 40.158, 40.158, 90],
		[135, "H9_4", 3720, 4490, "T", "DIP", "GND", "GND", "C", 62, 62, 40.158, 40.158, 90],
		[136, "H9_4", 3720, 4490, "B", "DIP", "GND", "GND", "C", 62, 62, 40.158, 40.158, 90],
		[137, "H9_5", 3720, 4590, "T", "DIP", "VCC", "", "C", 62, 62, 40.158, 40.158, 90],
		[138, "H9_5", 3720, 4590, "B", "DIP", "VCC", "", "C", 62, 62, 40.158, 40.158, 90],
		[139, "SCREW1_1", 3510, 3945, "T", "DIP", "NET_1", "", "C", 78.7402, 78.7402, 78.7402, 78.7402, 0],
		[140, "SCREW1_1", 3510, 3945, "B", "DIP", "NET_1", "", "C", 78.7402, 78.7402, 78.7402, 78.7402, 0],
		[141, "SCREW1_1", 5745.9034, 3945, "T", "DIP", "NET_2", "", "C", 78.7402, 78.7402, 78.7402, 78.7402, 0],
		[142, "SCREW1_1", 5745.9034, 3945, "B", "DIP", "NET_2", "", "C", 78.7402, 78.7402, 78.7402, 78.7402, 0],
		[143, "SCREW2_1", 3510, 4170, "T", "DIP", "NET_3", "", "C", 78.7402, 78.7402, 78.7402, 78.7402, 0],
		[144, "SCREW2_1", 3510, 4170, "B", "DIP", "NET_3", "", "C", 78.7402, 78.7402, 78.7402, 78.7402, 0],
		[145, "SCREW2_1", 5745.9034, 4170, "T", "DIP", "NET_4", "", "C", 78.7402, 78.7402, 78.7402, 78.7402, 0],
		[146, "SCREW2_1", 5745.9034, 4170, "B", "DIP", "NET_4", "", "C", 78.7402, 78.7402, 78.7402, 78.7402, 0],
		[147, "SCREW3_1", 5322.95, 3655, "T", "DIP", "NET_5", "", "C", 78.7402, 78.7402, 78.7402, 78.7402, 0],
		[148, "SCREW3_1", 5322.95, 3655, "B", "DIP", "NET_5", "", "C", 78.7402, 78.7402, 78.7402, 78.7402, 0],
		[149, "SCREW4_1", 3945, 3655, "T", "DIP", "NET_6", "", "C", 78.7402, 78.7402, 78.7402, 78.7402, 0],
		[150, "SCREW4_1", 3945, 3655, "B", "DIP", "NET_6", "", "C", 78.7402, 78.7402, 78.7402, 78.7402, 0],
		[151, "SCREW5_1", 3945, 2277.05, "T", "DIP", "NET_7", "", "C", 78.7402, 78.7402, 78.7402, 78.7402, 0],
		[152, "SCREW5_1", 3945, 2277.05, "B", "DIP", "NET_7", "", "C", 78.7402, 78.7402, 78.7402, 78.7402, 0],
		[153, "SCREW6_1", 5322.95, 2277.05, "T", "DIP", "NET_8", "", "C", 78.7402, 78.7402, 78.7402, 78.7402, 0],
		[154, "SCREW6_1", 5322.95, 2277.05, "B", "DIP", "NET_8", "", "C", 78.7402, 78.7402, 78.7402, 78.7402, 0],
		[155, "SCREW7_1", 3400, 2130, "T", "DIP", "NET_9", "", "C", 78.7402, 78.7402, 78.7402, 78.7402, 0],
		[156, "SCREW7_1", 3400, 2130, "B", "DIP", "NET_9", "", "C", 78.7402, 78.7402, 78.7402, 78.7402, 0],
		[157, "SCREW8_1", 3400, 1415, "T", "DIP", "NET_10", "", "C", 78.7402, 78.7402, 78.7402, 78.7402, 0],
		[158, "SCREW8_1", 3400, 1415, "B", "DIP", "NET_10", "", "C", 78.7402, 78.7402, 78.7402, 78.7402, 0],
		[159, "SCREW9_1", 5880, 2130, "T", "DIP", "NET_11", "", "C", 78.7402, 78.7402, 78.7402, 78.7402, 0],
		[160, "SCREW9_1", 5880, 2130, "B", "DIP", "NET_11", "", "C", 78.7402, 78.7402, 78.7402, 78.7402, 0],
		[161, "SCREW10_1", 5885, 1420, "T", "DIP", "NET_12", "", "C", 78.7402, 78.7402, 78.7402, 78.7402, 0],
		[162, "SCREW10_1", 5885, 1420, "B", "DIP", "NET_12", "", "C", 78.7402, 78.7402, 78.7402, 78.7402, 0],
		[163, "SW1_1", 7044.65, 3068.58, "T", "SMD", "SW2", "", "R", 74.803, 51.181, 0, 0, 0],
		[164, "SW1_2", 7375.35, 3068.58, "T", "SMD", "NET_13", "", "R", 74.803, 51.181, 0, 0, 0],
		[165, "SW1_3", 7044.65, 2891.42, "T", "SMD", "NET_14", "", "R", 74.803, 51.181, 0, 0, 0],
		[166, "SW1_4", 7375.35, 2891.42, "T", "SMD", "GND", "GND", "R", 74.803, 51.181, 0, 0, 0],
		[167, "SW2_1", 6739.65, 3393.58, "T", "SMD", "SW1", "", "R", 74.803, 51.181, 0, 0, 0],
		[168, "SW2_2", 7070.35, 3393.58, "T", "SMD", "NET_15", "", "R", 74.803, 51.181, 0, 0, 0],
		[169, "SW2_3", 6739.65, 3216.42, "T", "SMD", "NET_16", "", "R", 74.803, 51.181, 0, 0, 0],
		[170, "SW2_4", 7070.35, 3216.42, "T", "SMD", "GND", "GND", "R", 74.803, 51.181, 0, 0, 0],
		[171, "U2_1", 3930.001, 4085.001, "T", "DIP", "NET1", "", "C", 62.992, 62.992, 39.37, 39.37, 0],
		[172, "U2_1", 3930.001, 4085.001, "B", "DIP", "NET1", "", "C", 62.992, 62.992, 39.37, 39.37, 0],
		[173, "U2_2", 4030.001, 4085.001, "T", "DIP", "$1N1891", "", "C", 62.992, 62.992, 39.37, 39.37, 0],
		[174, "U2_2", 4030.001, 4085.001, "B", "DIP", "$1N1891", "", "C", 62.992, 62.992, 39.37, 39.37, 0],
		[175, "U2_3", 4130.001, 4085.001, "T", "DIP", "$1N1886", "", "C", 62.992, 62.992, 39.37, 39.37, 0],
		[176, "U2_3", 4130.001, 4085.001, "B", "DIP", "$1N1886", "", "C", 62.992, 62.992, 39.37, 39.37, 0],
		[177, "U2_4", 4230.001, 4085.001, "T", "DIP", "$1N1881", "", "C", 62.992, 62.992, 39.37, 39.37, 0],
		[178, "U2_4", 4230.001, 4085.001, "B", "DIP", "$1N1881", "", "C", 62.992, 62.992, 39.37, 39.37, 0],
		[179, "U2_5", 4330.001, 4085.001, "T", "DIP", "$1N1876", "", "C", 62.992, 62.992, 39.37, 39.37, 0],
		[180, "U2_5", 4330.001, 4085.001, "B", "DIP", "$1N1876", "", "C", 62.992, 62.992, 39.37, 39.37, 0],
		[181, "U2_6", 4430, 4085.001, "T", "DIP", "AIN2", "", "C", 62.992, 62.992, 39.37, 39.37, 0],
		[182, "U2_6", 4430, 4085.001, "B", "DIP", "AIN2", "", "C", 62.992, 62.992, 39.37, 39.37, 0],
		[183, "U2_7", 4530, 4085.001, "T", "DIP", "AIN1", "", "C", 62.992, 62.992, 39.37, 39.37, 0],
		[184, "U2_7", 4530, 4085.001, "B", "DIP", "AIN1", "", "C", 62.992, 62.992, 39.37, 39.37, 0],
		[185, "U2_8", 4630, 4085.001, "T", "DIP", "STBY", "", "C", 62.992, 62.992, 39.37, 39.37, 0],
		[186, "U2_8", 4630, 4085.001, "B", "DIP", "STBY", "", "C", 62.992, 62.992, 39.37, 39.37, 0],
		[187, "U2_9", 4730, 4085.001, "T", "DIP", "BIN1", "", "C", 62.992, 62.992, 39.37, 39.37, 0],
		[188, "U2_9", 4730, 4085.001, "B", "DIP", "BIN1", "", "C", 62.992, 62.992, 39.37, 39.37, 0],
		[189, "U2_10", 4830, 4085.001, "T", "DIP", "BIN2", "", "C", 62.992, 62.992, 39.37, 39.37, 0],
		[190, "U2_10", 4830, 4085.001, "B", "DIP", "BIN2", "", "C", 62.992, 62.992, 39.37, 39.37, 0],
		[191, "U2_11", 4929.999, 4085.001, "T", "DIP", "SW2", "", "C", 62.992, 62.992, 39.37, 39.37, 0],
		[192, "U2_11", 4929.999, 4085.001, "B", "DIP", "SW2", "", "C", 62.992, 62.992, 39.37, 39.37, 0],
		[193, "U2_12", 5029.999, 4085.001, "T", "DIP", "PWMB", "", "C", 62.992, 62.992, 39.37, 39.37, 0],
		[194, "U2_12", 5029.999, 4085.001, "B", "DIP", "PWMB", "", "C", 62.992, 62.992, 39.37, 39.37, 0],
		[195, "U2_13", 5129.999, 4085.001, "T", "DIP", "PWMA", "", "C", 62.992, 62.992, 39.37, 39.37, 0],
		[196, "U2_13", 5129.999, 4085.001, "B", "DIP", "PWMA", "", "C", 62.992, 62.992, 39.37, 39.37, 0],
		[197, "U2_14", 5229.999, 4085.001, "T", "DIP", "EDF", "", "C", 62.992, 62.992, 39.37, 39.37, 0],
		[198, "U2_14", 5229.999, 4085.001, "B", "DIP", "EDF", "", "C", 62.992, 62.992, 39.37, 39.37, 0],
		[199, "U2_15", 5329.999, 4085.001, "T", "DIP", "SW1", "", "C", 62.992, 62.992, 39.37, 39.37, 0],
		[200, "U2_15", 5329.999, 4085.001, "B", "DIP", "SW1", "", "C", 62.992, 62.992, 39.37, 39.37, 0],
		[201, "U2_16", 5329.999, 4684.999, "T", "DIP", "$1N1901", "", "C", 62.992, 62.992, 39.37, 39.37, 0],
		[202, "U2_16", 5329.999, 4684.999, "B", "DIP", "$1N1901", "", "C", 62.992, 62.992, 39.37, 39.37, 0],
		[203, "U2_17", 5229.999, 4684.999, "T", "DIP", "$1N1906", "", "C", 62.992, 62.992, 39.37, 39.37, 0],
		[204, "U2_17", 5229.999, 4684.999, "B", "DIP", "$1N1906", "", "C", 62.992, 62.992, 39.37, 39.37, 0],
		[205, "U2_18", 5129.999, 4684.999, "T", "DIP", "$1N1911", "", "C", 62.992, 62.992, 39.37, 39.37, 0],
		[206, "U2_18", 5129.999, 4684.999, "B", "DIP", "$1N1911", "", "C", 62.992, 62.992, 39.37, 39.37, 0],
		[207, "U2_19", 5029.999, 4684.999, "T", "DIP", "$1N1916", "", "C", 62.992, 62.992, 39.37, 39.37, 0],
		[208, "U2_19", 5029.999, 4684.999, "B", "DIP", "$1N1916", "", "C", 62.992, 62.992, 39.37, 39.37, 0],
		[209, "U2_20", 4929.999, 4684.999, "T", "DIP", "$1N1921", "", "C", 62.992, 62.992, 39.37, 39.37, 0],
		[210, "U2_20", 4929.999, 4684.999, "B", "DIP", "$1N1921", "", "C", 62.992, 62.992, 39.37, 39.37, 0],
		[211, "U2_21", 4830, 4684.999, "T", "DIP", "$1N1926", "", "C", 62.992, 62.992, 39.37, 39.37, 0],
		[212, "U2_21", 4830, 4684.999, "B", "DIP", "$1N1926", "", "C", 62.992, 62.992, 39.37, 39.37, 0],
		[213, "U2_22", 4730, 4684.999, "T", "DIP", "$1N1931", "", "C", 62.992, 62.992, 39.37, 39.37, 0],
		[214, "U2_22", 4730, 4684.999, "B", "DIP", "$1N1931", "", "C", 62.992, 62.992, 39.37, 39.37, 0],
		[215, "U2_23", 4630, 4684.999, "T", "DIP", "$1N1936", "", "C", 62.992, 62.992, 39.37, 39.37, 0],
		[216, "U2_23", 4630, 4684.999, "B", "DIP", "$1N1936", "", "C", 62.992, 62.992, 39.37, 39.37, 0],
		[217, "U2_24", 4530, 4684.999, "T", "DIP", "$1N1941", "", "C", 62.992, 62.992, 39.37, 39.37, 0],
		[218, "U2_24", 4530, 4684.999, "B", "DIP", "$1N1941", "", "C", 62.992, 62.992, 39.37, 39.37, 0],
		[219, "U2_25", 4430, 4684.999, "T", "DIP", "$1N1946", "", "C", 62.992, 62.992, 39.37, 39.37, 0],
		[220, "U2_25", 4430, 4684.999, "B", "DIP", "$1N1946", "", "C", 62.992, 62.992, 39.37, 39.37, 0],
		[221, "U2_26", 4330.001, 4684.999, "T", "DIP", "$1N1951", "", "C", 62.992, 62.992, 39.37, 39.37, 0],
		[222, "U2_26", 4330.001, 4684.999, "B", "DIP", "$1N1951", "", "C", 62.992, 62.992, 39.37, 39.37, 0],
		[223, "U2_27", 4230.001, 4684.999, "T", "DIP", "$1N1956", "", "C", 62.992, 62.992, 39.37, 39.37, 0],
		[224, "U2_27", 4230.001, 4684.999, "B", "DIP", "$1N1956", "", "C", 62.992, 62.992, 39.37, 39.37, 0],
		[225, "U2_28", 4130.001, 4684.999, "T", "DIP", "$1N1961", "", "C", 62.992, 62.992, 39.37, 39.37, 0],
		[226, "U2_28", 4130.001, 4684.999, "B", "DIP", "$1N1961", "", "C", 62.992, 62.992, 39.37, 39.37, 0],
		[227, "U2_29", 4030.001, 4684.999, "T", "DIP", "$1N1966", "", "C", 62.992, 62.992, 39.37, 39.37, 0],
		[228, "U2_29", 4030.001, 4684.999, "B", "DIP", "$1N1966", "", "C", 62.992, 62.992, 39.37, 39.37, 0],
		[229, "U2_30", 3930.001, 4684.999, "T", "DIP", "VCC", "", "C", 62.992, 62.992, 39.37, 39.37, 0],
		[230, "U2_30", 3930.001, 4684.999, "B", "DIP", "VCC", "", "C", 62.992, 62.992, 39.37, 39.37, 0],
		[231, "PAD1_1", 5680, 2521.575, "T", "DIP", "VCC", "", "C", 149.606, 149.606, 100, 100, 90],
		[232, "PAD1_1", 5680, 2521.575, "B", "DIP", "VCC", "", "C", 149.606, 149.606, 100, 100, 90],
		[233, "PAD2_2", 5680, 2718.425, "T", "DIP", "GND", "GND", "C", 149.606, 149.606, 100, 100, 90],
		[234, "PAD2_2", 5680, 2718.425, "B", "DIP", "GND", "GND", "C", 149.606, 149.606, 100, 100, 90],
		[235, "PAD3_1", 2810, 3700, "T", "DIP", "VCC", "", "R", 70.866, 70.866, 47.244, 47.244, 270],
		[236, "PAD3_1", 2810, 3700, "B", "DIP", "VCC", "", "R", 70.866, 70.866, 47.244, 47.244, 270],
		[237, "PAD4_2", 2810, 3600, "T", "DIP", "+5V", "", "C", 70.866, 70.866, 47.244, 47.244, 270],
		[238, "PAD4_2", 2810, 3600, "B", "DIP", "+5V", "", "C", 70.866, 70.866, 47.244, 47.244, 270],
		[239, "PAD5_3", 2810, 3500, "T", "DIP", "GND", "GND", "C", 70.866, 70.866, 47.244, 47.244, 270],
		[240, "PAD5_3", 2810, 3500, "B", "DIP", "GND", "GND", "C", 70.866, 70.866, 47.244, 47.244, 270],
		[241, "PAD6_4", 2810, 3400, "T", "DIP", "OUTA1", "", "C", 70.866, 70.866, 47.244, 47.244, 270],
		[242, "PAD6_4", 2810, 3400, "B", "DIP", "OUTA1", "", "C", 70.866, 70.866, 47.244, 47.244, 270],
		[243, "PAD7_5", 2810, 3300, "T", "DIP", "OUTA2", "", "C", 70.866, 70.866, 47.244, 47.244, 270],
		[244, "PAD7_5", 2810, 3300, "B", "DIP", "OUTA2", "", "C", 70.866, 70.866, 47.244, 47.244, 270],
		[245, "PAD8_6", 2810, 3200, "T", "DIP", "OUTA2", "", "C", 70.866, 70.866, 47.244, 47.244, 270],
		[246, "PAD8_6", 2810, 3200, "B", "DIP", "OUTA2", "", "C", 70.866, 70.866, 47.244, 47.244, 270],
		[247, "PAD9_7", 2810, 3100, "T", "DIP", "OUTA1", "", "C", 70.866, 70.866, 47.244, 47.244, 270],
		[248, "PAD9_7", 2810, 3100, "B", "DIP", "OUTA1", "", "C", 70.866, 70.866, 47.244, 47.244, 270],
		[249, "PAD10_8", 2810, 3000, "T", "DIP", "GND", "GND", "C", 70.866, 70.866, 47.244, 47.244, 270],
		[250, "PAD10_8", 2810, 3000, "B", "DIP", "GND", "GND", "C", 70.866, 70.866, 47.244, 47.244, 270],
		[251, "PAD11_1", 3625, 3700, "T", "DIP", "PWMA", "", "R", 70.866, 70.866, 47.244, 47.244, 270],
		[252, "PAD11_1", 3625, 3700, "B", "DIP", "PWMA", "", "R", 70.866, 70.866, 47.244, 47.244, 270],
		[253, "PAD12_2", 3625, 3600, "T", "DIP", "AIN2", "", "C", 70.866, 70.866, 47.244, 47.244, 270],
		[254, "PAD12_2", 3625, 3600, "B", "DIP", "AIN2", "", "C", 70.866, 70.866, 47.244, 47.244, 270],
		[255, "PAD13_3", 3625, 3500, "T", "DIP", "AIN1", "", "C", 70.866, 70.866, 47.244, 47.244, 270],
		[256, "PAD13_3", 3625, 3500, "B", "DIP", "AIN1", "", "C", 70.866, 70.866, 47.244, 47.244, 270],
		[257, "PAD14_4", 3625, 3400, "T", "DIP", "STBY", "", "C", 70.866, 70.866, 47.244, 47.244, 270],
		[258, "PAD14_4", 3625, 3400, "B", "DIP", "STBY", "", "C", 70.866, 70.866, 47.244, 47.244, 270],
		[259, "PAD15_5", 3625, 3300, "T", "DIP", "AIN1", "", "C", 70.866, 70.866, 47.244, 47.244, 270],
		[260, "PAD15_5", 3625, 3300, "B", "DIP", "AIN1", "", "C", 70.866, 70.866, 47.244, 47.244, 270],
		[261, "PAD16_6", 3625, 3200, "T", "DIP", "AIN2", "", "C", 70.866, 70.866, 47.244, 47.244, 270],
		[262, "PAD16_6", 3625, 3200, "B", "DIP", "AIN2", "", "C", 70.866, 70.866, 47.244, 47.244, 270],
		[263, "PAD17_7", 3625, 3100, "T", "DIP", "PWMA", "", "C", 70.866, 70.866, 47.244, 47.244, 270],
		[264, "PAD17_7", 3625, 3100, "B", "DIP", "PWMA", "", "C", 70.866, 70.866, 47.244, 47.244, 270],
		[265, "PAD18_8", 3625, 3000, "T", "DIP", "GND", "GND", "C", 70.866, 70.866, 47.244, 47.244, 270],
		[266, "PAD18_8", 3625, 3000, "B", "DIP", "GND", "GND", "C", 70.866, 70.866, 47.244, 47.244, 270],
		[267, "PAD19_1", 5650, 3710, "T", "DIP", "VCC", "", "R", 70.866, 70.866, 47.244, 47.244, 270],
		[268, "PAD19_1", 5650, 3710, "B", "DIP", "VCC", "", "R", 70.866, 70.866, 47.244, 47.244, 270],
		[269, "PAD20_2", 5650, 3610, "T", "DIP", "+5V", "", "C", 70.866, 70.866, 47.244, 47.244, 270],
		[270, "PAD20_2", 5650, 3610, "B", "DIP", "+5V", "", "C", 70.866, 70.866, 47.244, 47.244, 270],
		[271, "PAD21_3", 5650, 3510, "T", "DIP", "GND", "GND", "C", 70.866, 70.866, 47.244, 47.244, 270],
		[272, "PAD21_3", 5650, 3510, "B", "DIP", "GND", "GND", "C", 70.866, 70.866, 47.244, 47.244, 270],
		[273, "PAD22_4", 5650, 3410, "T", "DIP", "OUTB1", "", "C", 70.866, 70.866, 47.244, 47.244, 270],
		[274, "PAD22_4", 5650, 3410, "B", "DIP", "OUTB1", "", "C", 70.866, 70.866, 47.244, 47.244, 270],
		[275, "PAD23_5", 5650, 3310, "T", "DIP", "OUTB2", "", "C", 70.866, 70.866, 47.244, 47.244, 270],
		[276, "PAD23_5", 5650, 3310, "B", "DIP", "OUTB2", "", "C", 70.866, 70.866, 47.244, 47.244, 270],
		[277, "PAD24_6", 5650, 3210, "T", "DIP", "OUTB2", "", "C", 70.866, 70.866, 47.244, 47.244, 270],
		[278, "PAD24_6", 5650, 3210, "B", "DIP", "OUTB2", "", "C", 70.866, 70.866, 47.244, 47.244, 270],
		[279, "PAD25_7", 5650, 3110, "T", "DIP", "OUTB1", "", "C", 70.866, 70.866, 47.244, 47.244, 270],
		[280, "PAD25_7", 5650, 3110, "B", "DIP", "OUTB1", "", "C", 70.866, 70.866, 47.244, 47.244, 270],
		[281, "PAD26_8", 5650, 3010, "T", "DIP", "GND", "GND", "C", 70.866, 70.866, 47.244, 47.244, 270],
		[282, "PAD26_8", 5650, 3010, "B", "DIP", "GND", "GND", "C", 70.866, 70.866, 47.244, 47.244, 270],
		[283, "PAD27_1", 6465, 3715, "T", "DIP", "PWMB", "", "R", 70.866, 70.866, 47.244, 47.244, 270],
		[284, "PAD27_1", 6465, 3715, "B", "DIP", "PWMB", "", "R", 70.866, 70.866, 47.244, 47.244, 270],
		[285, "PAD28_2", 6465, 3615, "T", "DIP", "BIN2", "", "C", 70.866, 70.866, 47.244, 47.244, 270],
		[286, "PAD28_2", 6465, 3615, "B", "DIP", "BIN2", "", "C", 70.866, 70.866, 47.244, 47.244, 270],
		[287, "PAD29_3", 6465, 3515, "T", "DIP", "BIN1", "", "C", 70.866, 70.866, 47.244, 47.244, 270],
		[288, "PAD29_3", 6465, 3515, "B", "DIP", "BIN1", "", "C", 70.866, 70.866, 47.244, 47.244, 270],
		[289, "PAD30_4", 6465, 3415, "T", "DIP", "STBY", "", "C", 70.866, 70.866, 47.244, 47.244, 270],
		[290, "PAD30_4", 6465, 3415, "B", "DIP", "STBY", "", "C", 70.866, 70.866, 47.244, 47.244, 270],
		[291, "PAD31_5", 6465, 3315, "T", "DIP", "BIN1", "", "C", 70.866, 70.866, 47.244, 47.244, 270],
		[292, "PAD31_5", 6465, 3315, "B", "DIP", "BIN1", "", "C", 70.866, 70.866, 47.244, 47.244, 270],
		[293, "PAD32_6", 6465, 3215, "T", "DIP", "BIN2", "", "C", 70.866, 70.866, 47.244, 47.244, 270],
		[294, "PAD32_6", 6465, 3215, "B", "DIP", "BIN2", "", "C", 70.866, 70.866, 47.244, 47.244, 270],
		[295, "PAD33_7", 6465, 3115, "T", "DIP", "PWMB", "", "C", 70.866, 70.866, 47.244, 47.244, 270],
		[296, "PAD33_7", 6465, 3115, "B", "DIP", "PWMB", "", "C", 70.866, 70.866, 47.244, 47.244, 270],
		[297, "PAD34_8", 6465, 3015, "T", "DIP", "GND", "GND", "C", 70.866, 70.866, 47.244, 47.244, 270],
		[298, "PAD34_8", 6465, 3015, "B", "DIP", "GND", "GND", "C", 70.866, 70.866, 47.244, 47.244, 270],
		[299, "PAD35_1", 5330, 4800, "T", "DIP", "$1N1901", "", "R", 62.992, 62.992, 41.338, 41.338, 180],
		[300, "PAD35_1", 5330, 4800, "B", "DIP", "$1N1901", "", "R", 62.992, 62.992, 41.338, 41.338, 180],
		[301, "PAD36_2", 5230, 4800, "T", "DIP", "$1N1906", "", "C", 62.992, 62.992, 41.338, 41.338, 180],
		[302, "PAD36_2", 5230, 4800, "B", "DIP", "$1N1906", "", "C", 62.992, 62.992, 41.338, 41.338, 180],
		[303, "PAD37_3", 5130, 4800, "T", "DIP", "$1N1911", "", "C", 62.992, 62.992, 41.338, 41.338, 180],
		[304, "PAD37_3", 5130, 4800, "B", "DIP", "$1N1911", "", "C", 62.992, 62.992, 41.338, 41.338, 180],
		[305, "PAD38_4", 5030, 4800, "T", "DIP", "$1N1916", "", "C", 62.992, 62.992, 41.338, 41.338, 180],
		[306, "PAD38_4", 5030, 4800, "B", "DIP", "$1N1916", "", "C", 62.992, 62.992, 41.338, 41.338, 180],
		[307, "PAD39_5", 4930, 4800, "T", "DIP", "$1N1921", "", "C", 62.992, 62.992, 41.338, 41.338, 180],
		[308, "PAD39_5", 4930, 4800, "B", "DIP", "$1N1921", "", "C", 62.992, 62.992, 41.338, 41.338, 180],
		[309, "PAD40_6", 4830, 4800, "T", "DIP", "$1N1926", "", "C", 62.992, 62.992, 41.338, 41.338, 180],
		[310, "PAD40_6", 4830, 4800, "B", "DIP", "$1N1926", "", "C", 62.992, 62.992, 41.338, 41.338, 180],
		[311, "PAD41_7", 4730, 4800, "T", "DIP", "$1N1931", "", "C", 62.992, 62.992, 41.338, 41.338, 180],
		[312, "PAD41_7", 4730, 4800, "B", "DIP", "$1N1931", "", "C", 62.992, 62.992, 41.338, 41.338, 180],
		[313, "PAD42_8", 4630, 4800, "T", "DIP", "$1N1936", "", "C", 62.992, 62.992, 41.338, 41.338, 180],
		[314, "PAD42_8", 4630, 4800, "B", "DIP", "$1N1936", "", "C", 62.992, 62.992, 41.338, 41.338, 180],
		[315, "PAD43_9", 4530, 4800, "T", "DIP", "$1N1941", "", "C", 62.992, 62.992, 41.338, 41.338, 180],
		[316, "PAD43_9", 4530, 4800, "B", "DIP", "$1N1941", "", "C", 62.992, 62.992, 41.338, 41.338, 180],
		[317, "PAD44_10", 4430, 4800, "T", "DIP", "$1N1946", "", "C", 62.992, 62.992, 41.338, 41.338, 180],
		[318, "PAD44_10", 4430, 4800, "B", "DIP", "$1N1946", "", "C", 62.992, 62.992, 41.338, 41.338, 180],
		[319, "PAD45_11", 4330, 4800, "T", "DIP", "$1N1951", "", "C", 62.992, 62.992, 41.338, 41.338, 180],
		[320, "PAD45_11", 4330, 4800, "B", "DIP", "$1N1951", "", "C", 62.992, 62.992, 41.338, 41.338, 180],
		[321, "PAD46_12", 4230, 4800, "T", "DIP", "$1N1956", "", "C", 62.992, 62.992, 41.338, 41.338, 180],
		[322, "PAD46_12", 4230, 4800, "B", "DIP", "$1N1956", "", "C", 62.992, 62.992, 41.338, 41.338, 180],
		[323, "PAD47_13", 4130, 4800, "T", "DIP", "$1N1961", "", "C", 62.992, 62.992, 41.338, 41.338, 180],
		[324, "PAD47_13", 4130, 4800, "B", "DIP", "$1N1961", "", "C", 62.992, 62.992, 41.338, 41.338, 180],
		[325, "PAD48_14", 4030, 4800, "T", "DIP", "$1N1966", "", "C", 62.992, 62.992, 41.338, 41.338, 180],
		[326, "PAD48_14", 4030, 4800, "B", "DIP", "$1N1966", "", "C", 62.992, 62.992, 41.338, 41.338, 180],
		[327, "PAD49_15", 3930, 4800, "T", "DIP", "VCC", "", "C", 62.992, 62.992, 41.338, 41.338, 180],
		[328, "PAD49_15", 3930, 4800, "B", "DIP", "VCC", "", "C", 62.992, 62.992, 41.338, 41.338, 180],
		[329, "PAD50_1", 3930, 3970, "T", "DIP", "NET1", "", "R", 62.992, 62.992, 41.338, 41.338, 0],
		[330, "PAD50_1", 3930, 3970, "B", "DIP", "NET1", "", "R", 62.992, 62.992, 41.338, 41.338, 0],
		[331, "PAD51_2", 4030, 3970, "T", "DIP", "$1N1891", "", "C", 62.992, 62.992, 41.338, 41.338, 0],
		[332, "PAD51_2", 4030, 3970, "B", "DIP", "$1N1891", "", "C", 62.992, 62.992, 41.338, 41.338, 0],
		[333, "PAD52_3", 4130, 3970, "T", "DIP", "$1N1886", "", "C", 62.992, 62.992, 41.338, 41.338, 0],
		[334, "PAD52_3", 4130, 3970, "B", "DIP", "$1N1886", "", "C", 62.992, 62.992, 41.338, 41.338, 0],
		[335, "PAD53_4", 4230, 3970, "T", "DIP", "$1N1881", "", "C", 62.992, 62.992, 41.338, 41.338, 0],
		[336, "PAD53_4", 4230, 3970, "B", "DIP", "$1N1881", "", "C", 62.992, 62.992, 41.338, 41.338, 0],
		[337, "PAD54_5", 4330, 3970, "T", "DIP", "$1N1876", "", "C", 62.992, 62.992, 41.338, 41.338, 0],
		[338, "PAD54_5", 4330, 3970, "B", "DIP", "$1N1876", "", "C", 62.992, 62.992, 41.338, 41.338, 0],
		[339, "PAD55_6", 4430, 3970, "T", "DIP", "AIN2", "", "C", 62.992, 62.992, 41.338, 41.338, 0],
		[340, "PAD55_6", 4430, 3970, "B", "DIP", "AIN2", "", "C", 62.992, 62.992, 41.338, 41.338, 0],
		[341, "PAD56_7", 4530, 3970, "T", "DIP", "AIN1", "", "C", 62.992, 62.992, 41.338, 41.338, 0],
		[342, "PAD56_7", 4530, 3970, "B", "DIP", "AIN1", "", "C", 62.992, 62.992, 41.338, 41.338, 0],
		[343, "PAD57_8", 4630, 3970, "T", "DIP", "STBY", "", "C", 62.992, 62.992, 41.338, 41.338, 0],
		[344, "PAD57_8", 4630, 3970, "B", "DIP", "STBY", "", "C", 62.992, 62.992, 41.338, 41.338, 0],
		[345, "PAD58_9", 4730, 3970, "T", "DIP", "BIN1", "", "C", 62.992, 62.992, 41.338, 41.338, 0],
		[346, "PAD58_9", 4730, 3970, "B", "DIP", "BIN1", "", "C", 62.992, 62.992, 41.338, 41.338, 0],
		[347, "PAD59_10", 4830, 3970, "T", "DIP", "BIN2", "", "C", 62.992, 62.992, 41.338, 41.338, 0],
		[348, "PAD59_10", 4830, 3970, "B", "DIP", "BIN2", "", "C", 62.992, 62.992, 41.338, 41.338, 0],
		[349, "PAD60_11", 4930, 3970, "T", "DIP", "SW2", "", "C", 62.992, 62.992, 41.338, 41.338, 0],
		[350, "PAD60_11", 4930, 3970, "B", "DIP", "SW2", "", "C", 62.992, 62.992, 41.338, 41.338, 0],
		[351, "PAD61_12", 5030, 3970, "T", "DIP", "PWMB", "", "C", 62.992, 62.992, 41.338, 41.338, 0],
		[352, "PAD61_12", 5030, 3970, "B", "DIP", "PWMB", "", "C", 62.992, 62.992, 41.338, 41.338, 0],
		[353, "PAD62_13", 5130, 3970, "T", "DIP", "PWMA", "", "C", 62.992, 62.992, 41.338, 41.338, 0],
		[354, "PAD62_13", 5130, 3970, "B", "DIP", "PWMA", "", "C", 62.992, 62.992, 41.338, 41.338, 0],
		[355, "PAD63_14", 5230, 3970, "T", "DIP", "EDF", "", "C", 62.992, 62.992, 41.338, 41.338, 0],
		[356, "PAD63_14", 5230, 3970, "B", "DIP", "EDF", "", "C", 62.992, 62.992, 41.338, 41.338, 0],
		[357, "PAD64_15", 5330, 3970, "T", "DIP", "SW1", "", "C", 62.992, 62.992, 41.338, 41.338, 0],
		[358, "PAD64_15", 5330, 3970, "B", "DIP", "SW1", "", "C", 62.992, 62.992, 41.338, 41.338, 0],
		[359, "PAD65_5", 3720, 4590, "T", "DIP", "VCC", "", "C", 62, 62, 40.158, 40.158, 90],
		[360, "PAD65_5", 3720, 4590, "B", "DIP", "VCC", "", "C", 62, 62, 40.158, 40.158, 90],
		[361, "PAD66_4", 3720, 4490, "T", "DIP", "GND", "GND", "C", 62, 62, 40.158, 40.158, 90],
		[362, "PAD66_4", 3720, 4490, "B", "DIP", "GND", "GND", "C", 62, 62, 40.158, 40.158, 90],
		[363, "PAD67_3", 3720, 4390, "T", "DIP", "EDF", "", "C", 62, 62, 40.158, 40.158, 90],
		[364, "PAD67_3", 3720, 4390, "B", "DIP", "EDF", "", "C", 62, 62, 40.158, 40.158, 90],
		[365, "PAD68_2", 3720, 4290, "T", "DIP", "+5V", "", "C", 62, 62, 40.158, 40.158, 90],
		[366, "PAD68_2", 3720, 4290, "B", "DIP", "+5V", "", "C", 62, 62, 40.158, 40.158, 90],
		[367, "PAD69_1", 3720, 4190, "T", "DIP", "GND", "GND", "R", 62, 62, 40.158, 40.158, 90],
		[368, "PAD69_1", 3720, 4190, "B", "DIP", "GND", "GND", "R", 62, 62, 40.158, 40.158, 90],
		[369, "PAD70_1", 3930.001, 4085.001, "T", "DIP", "NET1", "", "C", 62.992, 62.992, 39.37, 39.37, 0],
		[370, "PAD70_1", 3930.001, 4085.001, "B", "DIP", "NET1", "", "C", 62.992, 62.992, 39.37, 39.37, 0],
		[371, "PAD71_2", 4030.001, 4085.001, "T", "DIP", "$1N1891", "", "C", 62.992, 62.992, 39.37, 39.37, 0],
		[372, "PAD71_2", 4030.001, 4085.001, "B", "DIP", "$1N1891", "", "C", 62.992, 62.992, 39.37, 39.37, 0],
		[373, "PAD72_3", 4130.001, 4085.001, "T", "DIP", "$1N1886", "", "C", 62.992, 62.992, 39.37, 39.37, 0],
		[374, "PAD72_3", 4130.001, 4085.001, "B", "DIP", "$1N1886", "", "C", 62.992, 62.992, 39.37, 39.37, 0],
		[375, "PAD73_4", 4230.001, 4085.001, "T", "DIP", "$1N1881", "", "C", 62.992, 62.992, 39.37, 39.37, 0],
		[376, "PAD73_4", 4230.001, 4085.001, "B", "DIP", "$1N1881", "", "C", 62.992, 62.992, 39.37, 39.37, 0],
		[377, "PAD74_5", 4330.001, 4085.001, "T", "DIP", "$1N1876", "", "C", 62.992, 62.992, 39.37, 39.37, 0],
		[378, "PAD74_5", 4330.001, 4085.001, "B", "DIP", "$1N1876", "", "C", 62.992, 62.992, 39.37, 39.37, 0],
		[379, "PAD75_6", 4430, 4085.001, "T", "DIP", "AIN2", "", "C", 62.992, 62.992, 39.37, 39.37, 0],
		[380, "PAD75_6", 4430, 4085.001, "B", "DIP", "AIN2", "", "C", 62.992, 62.992, 39.37, 39.37, 0],
		[381, "PAD76_7", 4530, 4085.001, "T", "DIP", "AIN1", "", "C", 62.992, 62.992, 39.37, 39.37, 0],
		[382, "PAD76_7", 4530, 4085.001, "B", "DIP", "AIN1", "", "C", 62.992, 62.992, 39.37, 39.37, 0],
		[383, "PAD77_8", 4630, 4085.001, "T", "DIP", "STBY", "", "C", 62.992, 62.992, 39.37, 39.37, 0],
		[384, "PAD77_8", 4630, 4085.001, "B", "DIP", "STBY", "", "C", 62.992, 62.992, 39.37, 39.37, 0],
		[385, "PAD78_9", 4730, 4085.001, "T", "DIP", "BIN1", "", "C", 62.992, 62.992, 39.37, 39.37, 0],
		[386, "PAD78_9", 4730, 4085.001, "B", "DIP", "BIN1", "", "C", 62.992, 62.992, 39.37, 39.37, 0],
		[387, "PAD79_10", 4830, 4085.001, "T", "DIP", "BIN2", "", "C", 62.992, 62.992, 39.37, 39.37, 0],
		[388, "PAD79_10", 4830, 4085.001, "B", "DIP", "BIN2", "", "C", 62.992, 62.992, 39.37, 39.37, 0],
		[389, "PAD80_11", 4929.999, 4085.001, "T", "DIP", "SW2", "", "C", 62.992, 62.992, 39.37, 39.37, 0],
		[390, "PAD80_11", 4929.999, 4085.001, "B", "DIP", "SW2", "", "C", 62.992, 62.992, 39.37, 39.37, 0],
		[391, "PAD81_12", 5029.999, 4085.001, "T", "DIP", "PWMB", "", "C", 62.992, 62.992, 39.37, 39.37, 0],
		[392, "PAD81_12", 5029.999, 4085.001, "B", "DIP", "PWMB", "", "C", 62.992, 62.992, 39.37, 39.37, 0],
		[393, "PAD82_13", 5129.999, 4085.001, "T", "DIP", "PWMA", "", "C", 62.992, 62.992, 39.37, 39.37, 0],
		[394, "PAD82_13", 5129.999, 4085.001, "B", "DIP", "PWMA", "", "C", 62.992, 62.992, 39.37, 39.37, 0],
		[395, "PAD83_14", 5229.999, 4085.001, "T", "DIP", "EDF", "", "C", 62.992, 62.992, 39.37, 39.37, 0],
		[396, "PAD83_14", 5229.999, 4085.001, "B", "DIP", "EDF", "", "C", 62.992, 62.992, 39.37, 39.37, 0],
		[397, "PAD84_15", 5329.999, 4085.001, "T", "DIP", "SW1", "", "C", 62.992, 62.992, 39.37, 39.37, 0],
		[398, "PAD84_15", 5329.999, 4085.001, "B", "DIP", "SW1", "", "C", 62.992, 62.992, 39.37, 39.37, 0],
		[399, "PAD85_16", 5329.999, 4684.999, "T", "DIP", "$1N1901", "", "C", 62.992, 62.992, 39.37, 39.37, 0],
		[400, "PAD85_16", 5329.999, 4684.999, "B", "DIP", "$1N1901", "", "C", 62.992, 62.992, 39.37, 39.37, 0],
		[401, "PAD86_17", 5229.999, 4684.999, "T", "DIP", "$1N1906", "", "C", 62.992, 62.992, 39.37, 39.37, 0],
		[402, "PAD86_17", 5229.999, 4684.999, "B", "DIP", "$1N1906", "", "C", 62.992, 62.992, 39.37, 39.37, 0],
		[403, "PAD87_18", 5129.999, 4684.999, "T", "DIP", "$1N1911", "", "C", 62.992, 62.992, 39.37, 39.37, 0],
		[404, "PAD87_18", 5129.999, 4684.999, "B", "DIP", "$1N1911", "", "C", 62.992, 62.992, 39.37, 39.37, 0],
		[405, "PAD88_19", 5029.999, 4684.999, "T", "DIP", "$1N1916", "", "C", 62.992, 62.992, 39.37, 39.37, 0],
		[406, "PAD88_19", 5029.999, 4684.999, "B", "DIP", "$1N1916", "", "C", 62.992, 62.992, 39.37, 39.37, 0],
		[407, "PAD89_20", 4929.999, 4684.999, "T", "DIP", "$1N1921", "", "C", 62.992, 62.992, 39.37, 39.37, 0],
		[408, "PAD89_20", 4929.999, 4684.999, "B", "DIP", "$1N1921", "", "C", 62.992, 62.992, 39.37, 39.37, 0],
		[409, "PAD90_21", 4830, 4684.999, "T", "DIP", "$1N1926", "", "C", 62.992, 62.992, 39.37, 39.37, 0],
		[410, "PAD90_21", 4830, 4684.999, "B", "DIP", "$1N1926", "", "C", 62.992, 62.992, 39.37, 39.37, 0],
		[411, "PAD91_22", 4730, 4684.999, "T", "DIP", "$1N1931", "", "C", 62.992, 62.992, 39.37, 39.37, 0],
		[412, "PAD91_22", 4730, 4684.999, "B", "DIP", "$1N1931", "", "C", 62.992, 62.992, 39.37, 39.37, 0],
		[413, "PAD92_23", 4630, 4684.999, "T", "DIP", "$1N1936", "", "C", 62.992, 62.992, 39.37, 39.37, 0],
		[414, "PAD92_23", 4630, 4684.999, "B", "DIP", "$1N1936", "", "C", 62.992, 62.992, 39.37, 39.37, 0],
		[415, "PAD93_24", 4530, 4684.999, "T", "DIP", "$1N1941", "", "C", 62.992, 62.992, 39.37, 39.37, 0],
		[416, "PAD93_24", 4530, 4684.999, "B", "DIP", "$1N1941", "", "C", 62.992, 62.992, 39.37, 39.37, 0],
		[417, "PAD94_25", 4430, 4684.999, "T", "DIP", "$1N1946", "", "C", 62.992, 62.992, 39.37, 39.37, 0],
		[418, "PAD94_25", 4430, 4684.999, "B", "DIP", "$1N1946", "", "C", 62.992, 62.992, 39.37, 39.37, 0],
		[419, "PAD95_26", 4330.001, 4684.999, "T", "DIP", "$1N1951", "", "C", 62.992, 62.992, 39.37, 39.37, 0],
		[420, "PAD95_26", 4330.001, 4684.999, "B", "DIP", "$1N1951", "", "C", 62.992, 62.992, 39.37, 39.37, 0],
		[421, "PAD96_27", 4230.001, 4684.999, "T", "DIP", "$1N1956", "", "C", 62.992, 62.992, 39.37, 39.37, 0],
		[422, "PAD96_27", 4230.001, 4684.999, "B", "DIP", "$1N1956", "", "C", 62.992, 62.992, 39.37, 39.37, 0],
		[423, "PAD97_28", 4130.001, 4684.999, "T", "DIP", "$1N1961", "", "C", 62.992, 62.992, 39.37, 39.37, 0],
		[424, "PAD97_28", 4130.001, 4684.999, "B", "DIP", "$1N1961", "", "C", 62.992, 62.992, 39.37, 39.37, 0],
		[425, "PAD98_29", 4030.001, 4684.999, "T", "DIP", "$1N1966", "", "C", 62.992, 62.992, 39.37, 39.37, 0],
		[426, "PAD98_29", 4030.001, 4684.999, "B", "DIP", "$1N1966", "", "C", 62.992, 62.992, 39.37, 39.37, 0],
		[427, "PAD99_30", 3930.001, 4684.999, "T", "DIP", "VCC", "", "C", 62.992, 62.992, 39.37, 39.37, 0],
		[428, "PAD99_30", 3930.001, 4684.999, "B", "DIP", "VCC", "", "C", 62.992, 62.992, 39.37, 39.37, 0],
		[429, "PAD100_1", 3075, 2890, "T", "DIP", "OUTA1", "", "C", 150, 150, 90, 90, 0],
		[430, "PAD100_1", 3075, 2890, "B", "DIP", "OUTA1", "", "C", 150, 150, 90, 90, 0],
		[431, "PAD101_1", 3345, 2890, "T", "DIP", "OUTA2", "", "C", 150, 150, 90, 90, 0],
		[432, "PAD101_1", 3345, 2890, "B", "DIP", "OUTA2", "", "C", 150, 150, 90, 90, 0],
		[433, "PAD102_1", 6200, 2900, "T", "DIP", "OUTB2", "", "C", 150, 150, 90, 90, 0],
		[434, "PAD102_1", 6200, 2900, "B", "DIP", "OUTB2", "", "C", 150, 150, 90, 90, 0],
		[435, "PAD103_1", 5910, 2900, "T", "DIP", "OUTB1", "", "C", 150, 150, 90, 90, 0],
		[436, "PAD103_1", 5910, 2900, "B", "DIP", "OUTB1", "", "C", 150, 150, 90, 90, 0],
		[437, "PAD104_1", 7044.65, 3068.58, "T", "SMD", "SW2", "", "R", 74.803, 51.181, 0, 0, 0],
		[438, "PAD105_4", 7375.35, 2891.42, "T", "SMD", "GND", "GND", "R", 74.803, 51.181, 0, 0, 0],
		[439, "PAD106_1", 6739.65, 3393.58, "T", "SMD", "SW1", "", "R", 74.803, 51.181, 0, 0, 0],
		[440, "PAD107_4", 7070.35, 3216.42, "T", "SMD", "GND", "GND", "R", 74.803, 51.181, 0, 0, 0]
	]
}
}